Headline,Outlet,Is_Clickbait
"Nebyly to zlomené osobnosti, říká Surovcová o knize rozhovorů na hraně života",CT24,0
"Ukažte, že zvyšujete výdaje na obranu, vyzval šéf NATO členské země",CT24,0
"Ukrajina, či Blízký východ? USA řeší zbraňové dilema, píše WP",CT24,0
Slovensko pomůže Moldavsku s čištěním vody po ruském útoku na Ukrajině,CT24,0
Předseda Rady ČT svolal mimořádné jednání. Zvažované úpravy poplatku označil za likvidační,CT24,0
Soud nepravomocně potrestal dozorce z Rýnovic podmínkou,CT24,0
"Polsko sníží daň z přidané hodnoty na pohonné hmoty, oznámil Tusk",CT24,0
Europoslanci podpořili rychlejší vracení migrantů bez práva na azyl,CT24,0
"Část dodavatelů začala zdražovat plyn, rostou i ceny paliv",CT24,0
Čeho to je obraz? Rusko se vrací na prestižní výtvarné bienále,CT24,0
"V Súdánu ve středu při dronových útocích zemřelo téměř třicet lidí, píše AFP",CT24,0
Primátor Karviné nesouhlasí s obviněními v korupční fotbalové kauze,CT24,0
"Na východě Česka nasněží, o víkendu se oteplí",CT24,0
Jihočeský kraj plánuje zpřístupnit veřejnosti unikátní kaolinový důl Orty,CT24,0
Osobní číslo pro každého zaměstnance. Jednotné měsíční hlášení znamená řadu změn,CT24,0
"„Zmodrala a přestala dýchat.“ Fialová tramvaj napoví, jak pomoct epileptikovi",CT24,0
Trosky z rakety zabily v Abú Dhabí dva lidi,CT24,0
"Írán žadoní o dohodu s USA, trvá na svém Trump",CT24,0
"Britská armáda bude moci zabavovat lodě ruské stínové flotily, oznámila vláda",CT24,0
"Írán hrozí zničením infrastruktury zemi, která podpoří okupaci jeho ostrova",CT24,0
Agrárníci či myslivci volají po regulaci některých chráněných živočichů,CT24,0
Cenu literární kritiky získali Borkovec za prózu a Kauer za poezii,CT24,0
Přeživší holocaustu po letech náhodně narazila na svou dozorkyni z koncentračního tábora,CT24,0
"Babišova vláda pozastavila největší modernizaci armády, řekla Černochová",CT24,0
Porota v USA shledala Google a Metu odpovědnými v případu závislosti na sítích,CT24,0
"Ukrajina přerušila Rusku nejmíň čtyřicet procent kapacit pro přepravu ropy, píše Reuters",CT24,0
"Na Sumatře se konal tradiční „býčí závod""",CT24,0
Evropská komise schválila český plán využití více než dvou miliard eur ze SAFE,CT24,0
Německo chce splnit klimatické cíle i pomocí dvou tisíc větrných elektráren,CT24,0
Škoda Auto ukončí prodej v Číně,CT24,0
Měli by auta přímo pod okny. Obyvatelé v Jihlavě nesouhlasí s navýšením parkovacích míst,iROZHLAS,0
Soud v Jablonci potrestal dalšího bývalého dozorce. Podle obžaloby svévolně trestal vězně v Rýnovicích,iROZHLAS,0
"ONLINE: Nejsem si jistý, jestli jsme ochotni uzavřít s Íránem dohodu, řekl Trump. Teherán ji prý žádá",iROZHLAS,0
"Plagův náměstek sdílel falešnou fotku Mináře, Halíka a údajného žháře z Pardubic. Zabývá se tím policie",iROZHLAS,0
Letos už deváté ohnisko ptačí chřipky hlásí veterináři na Nymbursku. V chovu je přes 8000 kachen,iROZHLAS,0
"‚Nezneužívejte krize na Blízkém východě.‘ Babiš vyzval čerpací stanice, aby snížily ceny paliv",iROZHLAS,0
ŽIVĚ: Hokejisté Plzně v boji o semifinále vedou nad Spartou 1:0. Radiožurnál Sport vysílá přímý přenos,iROZHLAS,0
"Rusko zakázalo film Pan Nikdo proti Putinovi. ‚Je to pro nás největší ocenění,‘ míní čeští producenti",iROZHLAS,0
Zastupitelé v Plzni schválili stavbu tramvajové trati na Vinice. Bude mít čtyři nové zastávky,iROZHLAS,0
Stromy z části lesoparku Bohemia musí pryč. Vyroste tam heliport pro chystaný urgentní příjem v Sokolově,iROZHLAS,0
Chaos z íránské války zmírní jaro,iROZHLAS,0
"Svého oblíbence může na Památku roku nominovat každý. Důležitý je i příběh za opravou, říká ředitel",iROZHLAS,0
"V akademii nám roste plno úspěšných závodníků. Dejte nám čas, říká trenér krasobruslařů Verner",iROZHLAS,0
‚Chci si udržet dobrou pověst.‘ Primátor Karviné odmítá obvinění ve fotbalové korupční pauze,iROZHLAS,0
"Epidemiolog Smejkal: Očkovací strategie má smysl. Víme, jak to dopadá, když se lidé rozhodují podle sebe",iROZHLAS,0
"Studie, projektová dokumentace i realizace pod dva miliony. Otočnou lávku v Bílině navrhli studenti ČVUT",iROZHLAS,0
"Z 23 procent na osm. Polsko snižuje DPH na pohonné hmoty, zavádí i maximální ceny",iROZHLAS,0
Zákaz startu pro transgender sportovkyně. Ženy musí pro účast na olympiádě podstoupit test pohlaví,iROZHLAS,0
Hanácké vdolky ve stínu valašských frgálů. Kroměříž plánuje oživit zapomenutou tradici,iROZHLAS,0
V Českých Budějovicích začíná jarmarková sezona. Akce na Velikonoce chystají po celém kraji,iROZHLAS,0
Babiš řídí Popelku jako firmu. A není to hezký pohled,Novinky,0
Okamžitě snižte tyhle nehorázné ceny. Babiš se opřel do velkých provozovatelů čerpacích stanic,Novinky,0
Plagův náměstek spojil Mináře a Halíka s terorismem v Pardubicích. Případ řeší kriminálka,Novinky,0
Rodiče ve Francii odjeli rychlíkem a tříletou dceru zapomněli na nástupišti,Novinky,0
"V rodišti kněze Václava Drboly, kterého zavraždili komunisté, vyzvedli jeho ostatky",Novinky,0
RECENZE: Nevděčné bytosti zkoumají hranice rodičovské lásky,Novinky,0
Horské ekosystémy se kvůli oteplování mění pětkrát rychleji než lesy a louky,Novinky,0
"Po chodníku se nejezdí, napomenul senior v Brně cyklistu. Skončil s těžkým zraněním v nemocnici",Novinky,0
Tajně přesouvá majetek do Dubaje. Syn exguvernéra Maďarské národní banky posílá luxusní vozy po moři,Novinky,0
Po životě plném utrpení podstoupí mladá Španělka eutanázii. Zemře v pět odpoledne,Novinky,0
Advokáti amerického úřadu pro imigraci se oháněli povolením pro zadržení tisíců lidí. Žádné však neexistuje,Novinky,0
Karvinský primátor Wolf se po dvou dnech ozval,Novinky,0
Číňan pašoval z Keni přes dva tisíce mravenčích královen,Novinky,0
"Takový byl David Stypka: Emocemi nabitá předpremiéra filmu Neboj, dýchej, čaruj",Novinky,0
"Nacismus spustil všechny katastrofy. Bernd Posselt přijel do Brna, které v květnu hostí sudetoněmecký sjezd",Novinky,0
"Trump: Nechci říkat „válka“, abych nemusel žádat Kongres o souhlas",Novinky,0
"Chytrá holka, jak mohla tak zblbnout? diví se sousedé dívky obviněné z terorismu. Rodiče jsou zdrcení",Novinky,0
"Dozimetr: Nic nestandardního se v DPP nedělo, řekl soudu jeho exředitel",Novinky,0
"Německo chystá pomoc chemickému průmyslu, chce zlevnit elektřinu",Novinky,0
OpenAI dala erotický chatbot k ledu. Přednost dostaly hlavní produkty,Novinky,0
Eskorta ke zlínskému soudu přivedla bývalého rozhodčího Býmu a dvojici v kapucích,Novinky,0
Aljaška zažívá jednu z nejchladnějších zim historie,Novinky,0
"Mimořádně vulgárně se navezl do Evropy. Trumpův zmocněnec si notoval s Lukašenkem, vodku uléval na zem",Novinky,0
"Chovatel šelem k pelhřimovskému soudu nepřišel, jeho partnerka vinu odmítá. Úřady jim zabavily sto zvířat",Novinky,0
Obvinění z terorismu v Pardubicích nechali internetovou stopu,Novinky,0
Muž z Lovosicka se vydával za svého zesnulého otce a čerpal jeho důchod,Novinky,0
"V pražském divadle Komedie vzplála opona. Přes 400 evakuovaných, většinou dětí",Novinky,0
"Na letišti v USA lidé čekají hodiny, kontroly ochromil výpadek personálu",Novinky,0
Který příběh se dostane na velké plátno? Karlovarský festival pomůže filmovým adaptacím knih,Novinky,0
Polsko výrazně sníží daň na pohonné hmoty,Novinky,0
Macinka v Africe prolomil diplomatické tabu,SeznamZpravy,0
Invaze na íránský strategický ostrov je na spadnutí. Trump potřebuje karty,SeznamZpravy,0
"Poláci ukázali Evropě, jak se snižují ceny benzinu a nafty",SeznamZpravy,0
"Evropa v „trapné situaci“. Státům vadí slib, který dal šéf NATO Trumpovi",SeznamZpravy,0
Minuty slávy Tomia Okamury škodí vládě,SeznamZpravy,0
Tesle v Německu spadly prodeje. Zachraňují ji leda voliči AfD,SeznamZpravy,0
"Pentagon zvažuje, že přesměruje vojenskou pomoc pro Ukrajinu na Blízký východ",SeznamZpravy,0
"Trump řekl, že si není jistý, zda jsou USA ochotny uzavřít s Íránem dohodu",SeznamZpravy,0
"Policie začala řešit náměstka za SPD, který sdílel falešnou fotku s Minářem",SeznamZpravy,0
Foto: Svatovítský poklad a současné umění. Na Hradě začíná velká výstava,SeznamZpravy,0
Soud zakázal v Rusku oscarový film Pan Nikdo proti Putinovi,SeznamZpravy,0
Recenze: Nový český film Nevděčné bytosti má evropské parametry,SeznamZpravy,0
Rozzuřený Babiš a zpověď fotbalisty,SeznamZpravy,0
Splníme aspoň dvě procenta? Velvyslanec při NATO vysvětluje obranné výdaje,SeznamZpravy,0
Podmínkou ke startu v ženské kategorii na olympiádě bude test pohlaví,SeznamZpravy,0
Izraelci zabili šéfa námořnictva íránských revolučních gard,SeznamZpravy,0
"Křetínský nastínil, jak přivést britskou poštu do černých čísel",SeznamZpravy,0
Karvinský primátor Wolf nesouhlasí s obviněními v korupční fotbalové aféře,SeznamZpravy,0
"Státy musí letos dokázat, že zvyšují výdaje na obranu, uvedl šéf NATO",SeznamZpravy,0
"Už ne Trump. O tom, kdy válka skončí, rozhodne Írán",SeznamZpravy,0
Kvůli sázkám poslal soud do vazby bývalého rozhodčího i fotbalového manažera,SeznamZpravy,0
"Temná postava fotbalu znovu na scéně. Miliony od Krejčíře, korupce a vliv",SeznamZpravy,0
"Polsko sníží zdanění pohonných hmot a zavede maximální ceny, oznámil Tusk",SeznamZpravy,0
Peníze odešly a zboží nikde. Jak se bránit podvodníkům na online bazarech,SeznamZpravy,0
OpenAI odložila plány na erotický chatbot,SeznamZpravy,0
"Šéf Rady ČT svolal mimořádné jednání. Změna poplatků by byla likvidační, říká",SeznamZpravy,0
"Turek mluvil o utajené informaci, i když nemá prověrku. Úřad se tím zabývá",SeznamZpravy,0
Objetí s Kimem a nadávky Evropě s Trumpovým mužem. Lukašenkův velký návrat,SeznamZpravy,0
Vzdá Rakušan boj o vedení Sněmovny? Jako náhrada jsou ve hře tři ženy,SeznamZpravy,0
"Vznikne další filmový Pán prstenů, scénář napíše komik Stephen Colbert",SeznamZpravy,0
Náměstek z SPD spojil Mináře a Halíka s terorem. Kettnera čeká žaloba i kobereček u Plagy,Blesk,1
"Pražské noclehárně na hraně kapacity: V zimě praskaly ve švech, bezdomovců dál přibývá!",Blesk,1
Letiště Praha míří k rekordům: Více než 12 milionů cestujících a nové dálkové linky!,Blesk,1
Další hvězda StarDance odhalena: Tančit bude Radek Štěpánek,Blesk,1
"Neobvyklé drama v Divadle Komedie! Při zkoušce začala hořet opona, pět lidí skončilo v péči záchranářů",Blesk,1
Polsko zasáhne proti drahé naftě: Sníží DPH i spotřební daň. A zavede stropy,Blesk,1
Zloděje policisté našli schovaného v lednici: Prý se chtěl ohřát,Blesk,1
Vyzvedli urnu s ostatky popraveného kněze Drboly: V červnu ho budou blahořečit,Blesk,1
Děsivé záběry z Turecka: Internetová hvězda skočila z mostu,Blesk,1
Děsivé přiznání Jana Tuny z Asia Express: Šlo o život!,Blesk,1
Tlačila si nůž na krk a hrozila sebevraždou! Fúrie nechtěla opustit ubytovnu,Blesk,1
Šéf hasičů o útoku v Pardubicích: Co ho překvapilo?,Blesk,1
Ohavný útok v Radotíně: Muž si za pobodání Bělorusa odsedí 12 let,Blesk,1
Syn na Slovensku zavraždil otce sekerou: Z domu se ozýval křik,Blesk,1
"Emotivní křest knihy o Slováčkové (†29): Okamžik, který Felixe zlomil! Kdo je žena, která ho konejšila?",Blesk,1
Turek si zadělal na další průšvih: Znal tajné informace o sankcích vůči Rusku? Prověřuje ho NBÚ,Blesk,1
Kauza Dozimetr u soudu: Exšéf DPP Witowski jako svědek! Co vypověděl?,Blesk,1
Honba za lajky skončila fiaskem: Turista skončil v poutech,Blesk,1
Investice za 605 milionů: Hlučín koupil od Heimstadenu 527 bytů,Blesk,1
Petřin (42) boj o miminko trval 11 let: Kvůli endometrióze měla zůstat bezdětná,Blesk,1
Velký návrat zimy: Česko pod Sněhem! V Beskydech se čeká se až 30 cm! Sledujte radar Blesku,Blesk,1
Další hvězda nové StarDance odhalena! Kdo to bude?,Blesk,1
"Policejní razie u Lea Beránka! Strach sousedů, připravené beranidlo a odvezla ho sanitka",Blesk,1
Likvidace televize! Předseda Rady ČT Novák kritizuje vládní úpravu poplatků,Blesk,1
Soud potrestal bachaře za šikanování vězňů: Trestance kopl a mlátil dlaní do obličeje,Blesk,1
"Šílená nehoda na okraji Prahy: Auto po střetu skončilo na střeše, pro zraněné letěl vrtulník",Blesk,1
Roste kačenka česká: Kde najít tuto oblíbenou lahůdku?,Blesk,1
Los Emil znovu na scéně: Užívá si prvních jarních paprsků na Šumavě,Blesk,1
Oscarový snímek Pan Nikdo proti Putinovi v Rusku narazil: Soud ho zakázal!,Blesk,1
Plaga o přijímačkách na SŠ: Zveřejníme výsledky i s řešením! Studujte VIDEOnávody a vysvětlení na Blesku,Blesk,1
Okrádala babičky při nakupování: Recidivistku usvědčily kamery,Blesk,1
Anička Slováčková (†29) před smrtí lékařce svěřila obavu: Jak se rozloučit se svým klukem?!,Blesk,1
Honza (42) čtvrt roku po natáčení Proměn: Šokující detaily intimního života! Bude další miminko?,Blesk,1
Moderátorka Eva Perkausová (32): Žhavější než kdy dřív!,Blesk,1
Smrt v plamenech! Hasiči při požáru opuštěné budovy v Praze našli lidské ostatky,Blesk,1
"Peklo na Blízkém východě: Celebrity prchají, ale... Tyto hvězdy zůstaly!",Blesk,1
"Teroristé, nebo „užiteční idioti“?! Detaily o zatčených po požáru v Pardubicích",Blesk,1
Sousedy obchází strach: Na Slovensku řádí sériový vrah?!,Blesk,1
Smrt holčičky (†3) v Praze 4: Příbuzného obvinili z vraždy! Hrozí mu výjimečný trest,Blesk,1
"ONLINE: Dva lidé zemřeli v Abú Zabí po dopadu části rakety, sirény zní v Izraeli i Íránu",Blesk,1
Google a Meta dělají z dětí závisláky! Technologičtí giganti prohráli soud,Blesk,1
D1 na Žďársku zablokoval převrácený kamion: Dálnice ve směru na Prahu stála čtyři hodiny,Blesk,1
ONLINE: Obří útok na Černihiv a okolí. Bez proudu je skoro 150 tisíc lidí,Blesk,1
Misska Kočendová v slzách: Tříměsíční syn odmítá její prs!,Blesk,1
"Naštvaná, ale bezmocná Alice Bendová: Demolice jejího domu začala! A možná bude ještě hůř…",Blesk,1
Státní ústav varuje před nebezpečným účinkem často užívaných tablet: Náměsíčnost kvůli lékům na spaní!,Blesk,1
Epstein dvojníkovi ničí život: Jak se žije s tváří zrůdy?!,Blesk,1
Dcera Dary Rolins slaví 18: Tečka za minulostí Laury a velkolepá oslava!,Blesk,1
Bronzový mušketýr Jakub Jurka otevřeně v pořadu Tániny bomby: Přiznání o těžkém dětství bez mámy!,Blesk,1
Babiš v zákulisí Blesku: Nepovedený nápad Prchala s Monikou! Tejpy po tenisu a hájení Turka,Blesk,1
Miss Kotková po rozchodu se zpěvákem kapely Slza září: Koupila si nový byt a poprvé ho ukázala,Super,1
Simona Krainová se ukázala s kanylou v žíle. Za vitaminové infuze to schytala od fanoušků i Hrachovcové,Super,1
Před 16 lety jejich táta podlehl cirhóze jater: Aňa a Ester Geislerovy na památku známého japanologa uspořádaly výstavu,Super,1
Princezně Kate během historické události málem uletěl klobouk za dvacet tisíc,Super,1
Další hvězda StarDance! Po Dykovi se diváci mohou těšit na slavného tenistu. Taneční kreace už zkoušel i s Ebenem,Super,1
"Šest hasičů ho muselo dostávat do sanitky. Muž zhubnul 146 kg, a to je teprve začátek",Super,1
"Super kachna: Tomu nebudete věřit! Žvanivá mluvčí vyzradila, co chystá Babiš",Super,1
Angie Mangombe a Josef Kůrka se sešli u soudu kvůli střídavé péči o syna: Zasáhla sociální pracovnice,Super,1
Monika Marešová v bundě za 160 tisíc naštvala Fashion Bosse! Takhle rozladěného jste Filipa Vaňka ještě neviděli,Super,1
Nabrala zběsilé pracovní tempo: Nejvtipnější česká herečka dokázala být v jeden večer na akcích vzdálených 150 km,Super,1
"Glosa: Brněnská kobyla dokopává. ANO v troskách, ODS s bitcoinovou příchutí a Kupka s Babišem v koncích",Super,1
"Krásná dcera Lionela Richieho Sofia porodila druhé dítě. Předtím chodila s Beckhamem, Bieberem i Smithem",Super,1
"Deprese, pláč a nyní konec kojení: Tři měsíce po narození syn Natálie Kočendové odmítá mléko od matky",Super,1
"Kromě domu si Vlastina Svátková pořídila ještě ateliér: Podívejte se, jak si ho zařídila",Super,1
"Slzavé údolí v Survivoru! Znovu se vyřazovalo, hráč věřil špatným lidem, kteří ho zradili",Super,1
Knižní vzpomínka na Annu Slováčkovou rok po její smrti: Zhroucený táta Felix skončil v slzách,Super,1
Po sestěhování je na řadě dítě! Veronica Biasiol otevřeně o vztahu s Dejdarem: Příští rok chce být už maminkou,Super,1
"Dcera Dalibora Jandy je v 37 letech single a hledá chlapa: Urputně na tom pracuju, přiznala. Jaký by měl být?",Super,1
Survivor 2026: Soutěžící si sáhli na dno svých sil. Pro jednoho z nich měla hra krutý konec,Super,1
Poznali jste ji? Sestře Miley Cyrus Noah je 26: Seznam jejích domnělých úprav je ovšem dost šílený,Super,1
Expartneři byli znechucení a cizí lidé krutí: Tato žena si ale s bradkou připadá krásná,Super,1
"Záhadné zmizení tatínka Michaely Salákové, kterého hledal Interpol: Našel se až ve Švýcarsku",Super,1
"Řekli mi, ať to smažu! Z výpovědi u soudu, který započala Kuchařová, mrazí. Kdo mluví pravdu?",Super,1
Je poloviční! Dvěstěkilový Honza z Extrémních proměn podstoupil operaci srdce a šokoval svým vzhledem,Super,1
Jak je vysoký a pohledný! Phoebe z Přátel výjimečně vyvedla syna: Fanynky zbystřily,Super,1
"Taru Reid vyfotili poprvé od skandálu z lobby, kdy se bezvládně kácela po ‚jedné sklence vína‘",Super,1
Sáru zradila v Survivoru podprsenka! Souboj o odměnu nevzdala a bojovala nahoře bez,Super,1
"Hrubé porušení podmínek v Survivoru: Leoš reaguje na drsné vyloučení ze hry. Naznačil, že pravidla obešel i někdo další",Super,1
Dýchejte zhluboka: Eva Perkausová si k narozeninám nadělila zatraceně sexy fotky. Svůdná jako dlouho ne!,Super,1
"Neskutečné, že už oslavil 73. narozeniny: Dalibor Janda nestárne! Jeho receptem jsou dřepy a tolerantní manželka",Super,1
"Paliva zdražují, Babiš vyzval hlavní distributory ke snížení cen",CT24,0
"USA odkládají útoky na íránské elektrárny o dalších deset dní, oznámil Trump",CT24,0
"Drahá ropa znamená vítr do zad pro elektromobily, Češi budou hlasovat peněženkou, míní expert",iROZHLAS,0
"Tureček: Nezdá se, že by byl Írán osvobozen. Žantovský: Chaos prospívá odpůrcům režimu",iROZHLAS,0
"Recepty na jarní detox a dobrý život? Často musíme jít i přes mírnou bolest, říká lékařka Marie Skalská",iROZHLAS,0
Muchová si finále na turnaji v Miami nezahraje. Nestačila na světovou čtyřku Gauffovou,iROZHLAS,0
ONLINE: ‚Jednání se vyvíjejí dobře.‘ Trump odkládá útoky na íránské elektrárny o deset dní,iROZHLAS,0
Už 48 lidí obvinila policie na Karlovarsku v případu úplatků za řidičské průkazy. Případ řeší od roku 2012,iROZHLAS,0
‚Už dovnitř nenosíme bláto.‘ Zemědělská škola v Kostelci nad Orlicí má nové zázemí,iROZHLAS,0
"Innogy zdražuje o stovky korun. ‚Postupně se to bude pravděpodobně týkat všech dodavatelů,‘ tvrdí expert",iROZHLAS,0
Magnolie se stěhují ze Senovážného náměstí. České Budějovice tam postaví podzemní parkoviště,iROZHLAS,0
"Rusko se soustředí na válku s Ukrajinou, tvrdí Rubio. ‚Moskva pomáhá Íránu,‘ oponuje Barrot",iROZHLAS,0
Inspekce odhalila nebezpečnou kojeneckou výživu. Obsahovala toxin cereulid,iROZHLAS,0
Jourová: Kvalitní veřejná služba něco stojí. Bez jistoty financování nelze zaručit redakční nezávislost,iROZHLAS,0
"Neboj, dýchej, čaruj. Ve Frýdku-Místku měl předpremiéru dokument o Davidu Stypkovi",iROZHLAS,0
Čeští fotbalisté v semifinále baráže udolali Irsko. O výhře 3:2 po penaltách rozhodl Kliment,iROZHLAS,0
‚Selhal lidský faktor.‘ Více než 20 tisícům lidí na Slovensku unikla osobní data kvůli ‚energopomoci‘,iROZHLAS,0
Stavba nového úseku dálnice D6 se o rok protáhne. Složité podloží komplikuje silničářům práci,iROZHLAS,0
Rekonstrukce přidá léčebně dlouhodobě nemocných v Rybitví 35 lůžek. Vyjde na 200 milionů korun,iROZHLAS,0
"Žaloba u soudu uspěla. Firmy doplatily na cílené budování závislosti u uživatelů, říká šéf Lupa.cz",iROZHLAS,0
"Pád, ale i rekord. Reshtenko zvládl krátký program a postoupil do volných jízd, favorit Malinin nezaváhal",iROZHLAS,0
"Jízda traktorem i poznávání plevele. Do Benešova se sjeli studenti zemědělství, znalosti poměřili v soutěži",iROZHLAS,0
Praktici: Chceme mít možnost předepisovat více moderních léků,Novinky,0
Byly slyšet brzdy a následovala ohromná rána. Cestující popsala srážku letadla s hasiči,Novinky,0
Vzácný jev v Austrálii. Cyklon Narelle obkrouží polovinu kontinentu,Novinky,0
Omán může hrát klíčovou roli v řešení konfliktu,Novinky,0
PŘEHLEDNĚ: Nový německý plán pro splnění klimatických cílů,Novinky,0
KOMENTÁŘ: Rozhořčení nad Izraelem neomlouvá žhářství - Alex Švamberk,Novinky,0
Miroslav Kemel se vrátil do své školy. Kresby vystavuje v Galerii fakulty stavební,Novinky,0
Opakovaně psal nenávistné nápisy na výlohu židovského obchodu v Praze. Dostal prospěšné práce,Novinky,0
"Vláda USA Trumpově Radě míru převedla 1,25 miliardy dolarů z fondů zahraniční pomoci",Novinky,0
Kojenecká výživa obsahovala toxin cereulid,Novinky,0
"Babiš hřímal o nehorázných maržích pumpařů, ještě dopoledne se ANO chlubilo, jak to má pod kontrolou",Novinky,0
Po životě plném utrpení podstoupila mladá Španělka eutanázii,Novinky,0
Zemřel hudebník Dash Crofts,Novinky,0
V obchodě na letišti se na polici s plyšáky usadil živý vačnatec,Novinky,0
Češi porazili Iry a vyzvou Dány ve finále baráže. Zápas rozhodly penalty,SeznamZpravy,0
Video: Troubí na něj a postrkují ho lopatou bagru. Uvázlý keporkak bojuje o život,SeznamZpravy,0
Trump odložil útoky na íránské elektrárny o dalších deset dní,SeznamZpravy,0
"EU zavede celounijní poplatek na malé zásilky, zasáhne čínské prodejce",SeznamZpravy,0
Fotky: Závod o záchranu keporkaka na německé pláži. Nářek je slyšet do dáli,SeznamZpravy,0
Soud zamítl žalobu sítě X vinící inzerenty z nezákonného bojkotu,SeznamZpravy,0
"Izrael nasadí v Libanonu další divizi, vytváří tam nárazníkovou zónu",SeznamZpravy,0
Írán snížil povinný věk pro členy represivních milic na 12 let,SeznamZpravy,0
Nizozemský soud zakázal xAI vytvářet a šířit sexualizované snímky bez souhlasu,SeznamZpravy,0
"SZPI odhalila nebezpečnou kojeneckou výživu, obsahovala toxin cereulid",SeznamZpravy,0
Ropa za 200 dolarů. Trumpova vláda zkoumá černý scénář,SeznamZpravy,0
Bůh na bruslích řádí v Praze. Šampionát v krasobruslení magnetizuje davy,SeznamZpravy,0
Soudce odmítl zrušit obvinění proti Madurovi kvůli sporu o právní poplatky,SeznamZpravy,0
V čele města i klubu najednou. Primátorovi Karviné už dřív vyčítali střet zájmů,SeznamZpravy,0
"Snižte ceny, tlačí Babiš na čerpací stanice a mluví o kartelu",SeznamZpravy,0
Změny ve financování mohou podle EBU ohrozit stabilitu ČT a ČRo,SeznamZpravy,0
Na jarní aukci se draží milionové obrazy i sochy. Kupka začíná na 20 milionech,SeznamZpravy,0
Soud v Rusku zakázal oscarový film Pan Nikdo proti Putinovi,SeznamZpravy,0
"Znásilnili ji, po skoku z okna ochrnula. Zničená Noelia (†25) podstoupila eutanaziiaqq",Blesk,1
Politická smetánka v Edenu: Českým fotbalistům fandil i prezident Pavel,Blesk,1
Konec v Asia Express: Vyletěla kontroverzní Rychlá rota!,Blesk,1
V Michli našli ohořelé ženské tělo: Policie hledá podezřelého,Blesk,1
"Austrálie zavřela dveře Íráncům: Turisty stopla ze dne na den, platným vízům navzdory",Blesk,1
ONLINE: Izrael zabil velitele íránského námořnictva. A výbuchy v Teheránu,Blesk,1
Inspekce varuje: Nebezpečný toxin v kojenecké výživě!,Blesk,1
Autor Vyprávěj a ex Bernáškové Merkner odhalil: Tragicky přišel o mladšího bráchu!,Blesk,1
Čeká Prahu dopravní peklo? Rekonstrukce Kbelské za stovky milionů ochromí provoz!,Blesk,1
Nafta za 50 korun rozzuřila Babiše: Obul se do velkých distributorů a zmínil kartel,Blesk,1
Praha kupuje most za 93 milionů: Oživí spojení v Komořanech po letech nečinnosti!,Blesk,1
"Skandály, žárlivost a OnlyFans: Co nás čeká ve 4. sérii Ruže pre nevestu",Blesk,1
"Nahé šaty a nechutné narážky: Herec z Hunger Games ostře bránil outfit přítelkyně. Držte hubu, vzkázal hejtrům",Super,1
"Bože, smiluj se! píší fanoušci. Zpěvačka, kterou kritizují kvůli váze, vystavila vnady v bikinách s mušličkami",Super,1
"Martina Pártlová přála partnerovi a vysekla mu poklonu: Teď už je jasné, proč je dobré mít o 13 let mladšího",Super,1
"Tajná operace měla „sundat“ opoziční Tiszu, píší maďarští investigativci",CT24,0
"Ministr Červený chce v KRNAP ‚srovnat podmínky‘ pro podnikatelku Sovovou, jež kandidovala za Motoristy",iROZHLAS,0
"O víkendu se mění čas, noc bude o hodinu kratší. Odborníci varují před vyšším rizikem nehod",iROZHLAS,0
"Opravené interiéry, tanec princezen a prodejní stánky. Zámek v Zákupech láká na velikonoční trhy",iROZHLAS,0
Lídryně Venezuely vyhlásila v zemi týden volna kvůli úspoře energie. Dotkne se to škol a státní správy,iROZHLAS,0
Úklid parku i demolice staré budovy. Obecně prospěšné práce odsouzených šetří peníze,iROZHLAS,0
"Velryba uvázlá na severu Německa se uvolnila z mělčiny. Vyhráno ale ještě nemá, je daleko od domova",iROZHLAS,0
Studenti architektury vymýšleli na workshopu v Pardubicích proměnu nábřeží Labe a Chrudimky,iROZHLAS,0
"Až 96 tisíc ročně a městský byt dostanou mladí učitelé, když přijdou do Aše. Město vypsalo stipendium",iROZHLAS,0
"ONLINE: Rusko útočilo na několik míst na Ukrajině, zraněných je 10 lidí. Moskva zneškodnila 85 dronů",iROZHLAS,0
"‚Teroristi a nelidská stvoření.‘ Někdo hodil zápalné lahve na Ruský dům v Praze, policie pachatele hledá",iROZHLAS,0
"17 tisíc běžců ze 117 zemí. Praha se připravuje na půlmaraton, Bubenské nábřeží je zavřené",iROZHLAS,0
Po Innogy ceny plynu navyšuje i Pražská plynárenská a MND. Zdražování se týká hlavně nových zákazníků,iROZHLAS,0
"Kapitán Krejčí po Irsku vyzdvihl oddanost a bojovnost týmu. ‚Byla to válka,‘ hodnotil zápas trenér Koubek",iROZHLAS,0
Vezmi vědce na kafe. Colours of Ostrava nabídne kavárnu Akademie věd a rozšířenou divadelní scénu,iROZHLAS,0
Šest aukcí během dvou let a žádný zájemce. Zámek v Bezdružicích propadá státu,iROZHLAS,0
Dělníci dokončili ražbu tunelu v Dolní Radechové. Stavba ochvatu Náchoda potrvá ještě dva roky,iROZHLAS,0
Dobeš vychytal Montrealu v NHL výhru. Nečas si připsal při vítězství Colorada asistenci,iROZHLAS,0
Nátlak a vyhrožování? Bývalý místopředseda dozorčí rady Marek odmítl svědčit v kauze Dozimetr,iROZHLAS,0
Trump nařídí výplatu mezd letištním kontrolorům. Chce ‚zastavit chaos‘ a ukončit mnohahodinové fronty,iROZHLAS,0
"Na Třebíčsku se zabydlela bobří rodina, zaplavila tam silnici. Majitelé zasažených pozemků jí zbourali hráze",iROZHLAS,0
Mladý lev z Hodonína spolu se lvicemi z Dvora Králové doletěli bezpečně do Izraele,Novinky,0
Ruská vláda shání peníze. Putin prosí o pomoc oligarchy,Novinky,0
V kauze řidičáků za úplatek padla další obvinění. Policie už na Chebsku stíhá téměř pět desítek lidí,Novinky,0
Kroměříž plánuje založení ovocného sadu s hrušněmi i jabloněmi,Novinky,0
Rusko žádá ČR o posílení ostrahy svých objektů,Novinky,0
"FOTO: Obří záchranná akce, v Německu vyprošťovali uvízlého keporkaka",Novinky,0
První lidé z náročných profesí dostali příspěvek na penzijní spoření. V průměru je okolo 1700 korun měsíčně,Novinky,0
"Aleš Hnátek: Záleží mi na tom, aby mé modely obstály v každodenním životě",Novinky,0
"Toxiny v kojenecké výživě. Zkontrolujte, co dětem podáváte, nabádají hygienici rodiče",Novinky,0
Aerolinky zavedly pravidla pro rozměrnější cestující. Kritika na sebe nenechala dlouho čekat,Novinky,0
Zdražující letenky překazí mnoho dovolených,Novinky,0
Jachta na kolech. Rolls-Royce připravil speciální edici pro SUV Cullinan,Novinky,0
"Postrach chatařů skončil za mřížemi, na Teplicku vykradl devatenáct objektů",Novinky,0
"Prahou v sobotu proběhne 17 tisíc běžců, dopravu čeká řada omezení",Novinky,0
Na Ruský dům v Praze někdo v noci hodil zápalné lahve,Novinky,0
Řidič na Šumpersku převrátil náklaďák,Novinky,0
Česko má problém. Radikalizující se malé buňky nelze zachytit,Novinky,0
"Muskova SpaceX zvýšila odhad ocenění při vstupu na burzu, chce vybrat 1,6 bilionu",Novinky,0
RECENZE: Brněnský Vik!ng nabízí strhující plavbu,Novinky,0
Kvůli smrti policisty na dálnici u Plzně obvinili řidičku. Hrozí jí 6 let,Novinky,0
"Požár s nálezem ohořelého těla ženy policie v Praze řeší jako vraždu, pátrá po nebezpečném muži",Novinky,0
Vejce i mazanec před Velikonocemi podražily,Novinky,0
Televizi by hrozila insolvence. Šéf Rady ČT svolává mimořádné jednání,Novinky,0
Lež jako „přijatelná novinářská zkratka“. Člověk blízký SPD rozjel konspirace okolo chvilkařů,Novinky,0
"Výnosy z reklamy v ChatGPT v celoročním přepočtu překonaly 2,1 miliardy",Novinky,0
Kdy se mění čas,Novinky,0
Vrať řidičák a získej 611 tisíc. Maltská vláda motivuje motoristy kvůli dopravním zácpám,Novinky,0
Praha 8 souhlasí s dalšími roboty ve svém rajónu. Po doručování jídla přicházejí ti na úklid ulic,Novinky,0
"„Šťastnou střelbu.“ Chatboti v testech nabízeli rady, jak páchat násilí",Novinky,0
"Jeep vyvezl další divoké koncepty, tentokrát zcela bez elektrifikace",Novinky,0
"Konec Václava Moravce oslavovali dva radní, říká člen Rady ČT",SeznamZpravy,0
"Policie u Ludvíka našla přes milion v hotovosti. Chtěli jsme dostavovat, tvrdí",SeznamZpravy,0
Zdeněk Svěrák: Sociální sítě rád nemám. Umožňují obelhávání a zbabělé chování,SeznamZpravy,0
Izraelci získávají data o cílech v Íránu dvojím způsobem. Ale vždy potichu,SeznamZpravy,0
"Putin požádal oligarchy, aby kvůli válce přispěli do rozpočtu",SeznamZpravy,0
"Plaga nabídl Minářovi a Halíkovi osobní setkání, Kettner se na něm má omluvit",SeznamZpravy,0
Někteří z obviněných ve fotbalové kauze způsobili škodu přes deset milionů,SeznamZpravy,0
Turek před dětmi ve Sněmovně zlehčoval hajlování,SeznamZpravy,0
Po útoku levharta zemřel na Srí Lance český mnich,SeznamZpravy,0
Uvázlý keporkak se osvobodil a míří do oceánu. Doprovází ho policie,SeznamZpravy,0
"Razantní řez v „penzijku“. Poplatky zlevnit o polovinu, navrhuje ekonom",SeznamZpravy,0
Do Prahy se vrátí rockeři Placebo. Připomenou starou desku v novém,SeznamZpravy,0
"Ve Venezuele na Trumpa nasadili psychiatra, říká veterán americké diplomacie",SeznamZpravy,0
Komárek osladil nabídku za podíl v jachtách Ferretti. Nabízí už pět miliard,SeznamZpravy,0
"Na ruskou budovu v Praze někdo hodil zápalné lahve. Barbarství, zní z Moskvy",SeznamZpravy,0
"Dezert ve tvaru citronu už nabízí kdekdo. Potřebuji změnit rukopis, říká Fabešová",SeznamZpravy,0
"Být nejlepší nestačí. Vládne NHL, sbírá body, ale stejně se trápí",SeznamZpravy,0
Stačí pár zásahů a Česko zhasne,SeznamZpravy,0
Exkluzivní data: Ani vládní voliči nejsou spokojení se směřováním Česka,SeznamZpravy,0
"Čínská ambasáda vyzvala české senátory, aby nezasahovali do otázek Tibetu",SeznamZpravy,0
"Čtení je zase v kurzu. Jako luxusní, nedostupný zážitek",SeznamZpravy,0
Dvojí ceny nafty šikanují Slováky,SeznamZpravy,0
"Lidé elektromobily nechtějí. Pokuty máme ale platit my, říká šéf Škody Auto",SeznamZpravy,0
Exšéf Motola poodkryl taktiku. U soudu zpochybní odposlechy a vytáhne dopis,SeznamZpravy,0
"USA zvažují, že na Blízký východ vyšlou dalších deset tisíc vojáků",SeznamZpravy,0
"Vzdejte se a nebudete muset řešit potíže, láká Čína Tchaj-wan",SeznamZpravy,0
Lidé si stěžují na digitalizaci Úřadu práce. Popisují bizarní problémy,SeznamZpravy,0
"Dolarové bankovky mají nést Trumpův podpis, v historii USA to nemá obdoby",SeznamZpravy,0
"Teď to spíš vypadá, že útok v Pardubicích byl akcí amatérů, říká reportér",SeznamZpravy,0
Hypotéky začaly znovu zdražovat. Šance na slevu tu ale stále je,SeznamZpravy,0
Zánět Stellince (3) poškodil mozek: Holčičku málem  zabila chřipka!,Blesk,1
Šárka Krausová poprvé ukázala syna: Přiznala komplikace při porodu,Blesk,1
Cyklista zbil penzistu (83): Ten ho napomenul za jízdu po chodníku! Hledá ho policie,Blesk,1
"Jak Havel s Ďulou vítal Alžbětu II.: Před 30 lety do Česka přijela královna, pak už se Britové neukázali",Blesk,1
Nález ženského těla při požáru v Michli: Vražda! Policie pátrá po nebezpečném podezřelém,Blesk,1
Obviněný z vraždy holčičky (†3) míří do vazby! Hrozí mu výjimečný trest,Blesk,1
"Žhářský útok v Pardubicích: Hrozí další akce, obává se expert. Kdo nese odpovědnost?",Blesk,1
"Marpo kvůli Lenny opustil manželku, a teď... Zásnuby!",Blesk,1
Pohlreich je Postrach oblohy! Kam se hrabe Tom Cruise,Blesk,1
Útok na Ruský dům v Praze! Pachatel na něj hodil několik zápalných lahví,Blesk,1
Obří kolony na Pražském okruhu: Kvůli nehodě dvou kamionů byl čtyři hodiny zavřený,Blesk,1
ONLINE: Nový dronový a raketový úder na Charkov. Ukrajinci odpověděli útokem na Čerepovec,Blesk,1
Český mnich Jiří Z. tragicky zemřel na Srí Lance: Zaútočil na něj levhart,Blesk,1
Rakovinou trpící Laďka Něrgešová otevřeně: Bojuju o čas! Pro moje děti...,Blesk,1
Zelenskyj se setkal s korunním princem. V Arábii jednal o ochraně nebe,Blesk,1
"Rodina brutálně týrala uklízečku: Matka s dcerou jí trhaly zuby a přibíjely jazyk, otec natáčel!",Blesk,1
"Tipy na víkend: Noc divadel! Vajíčkobraní, krása koní i závody trucků",Blesk,1
Velikonoční soutěž deníku Blesk o kuchyňský robot SENCOR Gordon,Blesk,1
Češi jako světová špička: V čem jsme úplně nejlepší ze všech?,Blesk,1
Jennifer Lopezová (56): Nohy až do nebes!,Blesk,1
Šéf hasičů o kontrolách barů a podniků: Nejsme ani v půlce a... Situace je alarmující,Blesk,1
"Okamura pro Blesk: O boji s Moravcem, rušení poplatků i šéfování Sněmovně! A co říká na plnou Letnou?",Blesk,1
Roboti dobývají Karlín: Po rozvozu jídla vyrazí i uklízet ulice!,Blesk,1
"Poslední zastávka: Schovat ostatním batohy byl herně geniální tah, říká Miloš z Rychlé roty",Blesk,1
Válka v Íránu »drancuje« peněženky Čechů: Zdraží jídlo a bydlení! Krize dopadá i na stavby,Blesk,1
"Vývojářka kosmetiky Lenka Průšová otevřeně: Největší chyby, které děláme! Za co ji výrobci proklejí?",Blesk,1
"Leonardo DiCaprio v Česku: Prchal od bouračky, pak… Ládoval pejsky!",Blesk,1
Naďa (52) z Típněte to s Bleskem: Nahá dublerka prokouřila milion! Teď šetří pro pejsky!,Blesk,1
"Jitka Boho po zklamání s Langmajerem: Jsem ráda, že to tak dopadlo!",Blesk,1
"Slováček slzel na křtu knihy o Aničce (†29), ale… Z rodiny nikdo nepřišel! Proč?",Blesk,1
Simona Postlerová (†59) se stala čestnou občankou: Ocenění převzala dcera,Blesk,1
Pražský půlmaraton zablokuje centrum: Omezení čekají i MHD,Blesk,1
Nejlepší vychytávky pro kuchyň: Co ušetří místo a co je zbytečnost?,Blesk,1
"SOUTĚŽ: Dojet zimní pneu v létě? Špatný nápad, který vás vyjde draho. Vyhrajte raději 1 000 Kč na benzín!",Blesk,1
"Má oči šílence! Lidé jsou zděšeni výhružným videem logopedky, která střílela na dům Rihanny. Hrozí jí doživotí",Super,1
"Flashback: Coming out českého politika vyvolal lavinu emocí a Agátino drama za volantem, ze kterého mrazí",Super,1
"Randí spolu přes dva roky. Karolína, dcera Aleny Mihulové a Karla Kachyni, ukázala ve společnosti přítelkyni",Super,1
Já chci žít. Bojuju o čas! Laďka Něrgešová otevřeně o náročném boji s vážnou nemocí,Super,1
Nela Slováková se po plastice nosu rozhodla pro další zákrok! Poletí kvůli němu opět do Turecka,Super,1
Asia Express 2026: Pro dobrotu na žebrotu. Cesta za osvícením měla rychlý konec,Super,1
"Denise Richards ‚před a po‘ faceliftu, který jí ubral dvacet let! Fanoušky upřímnými fotkami totálně dostala",Super,1
"Marika Gombitová na nových fotkách vyrazila fanouškům dech. Úžasná žena, chválí i Roman Holý",Super,1
3 měsíce po vážné operaci mozku se cítí dobře. Namakaného svalovce Lucie Bílé zdobí na hlavě velká jizva,Super,1
"První česká celebrita, která veřejně mluví o Ozempicu: Do léta chce známá houslistka dolů pět kilo",Super,1
"Zamilované fotky Dary a Nedvěda! Rok od zásnub veselka nikde, ale zpěvačka září vedle fotbalové star štěstím",Super,1
Mrazivá věštba kolegů se vyplnila: Legendární herec zemřel v troskách luxusního „malého bastarda“,Super,1
